cid,name1,address,phone,email,age
1,Cristi Tetsall,559 Mccormick Circle,604-427-5662,ctetsall0@archive.org,85
2,Quinton Jeckell,49408 Ohio Alley,516-960-1905,qjeckell1@nbcnews.com,66
3,Lalo Attwater,96077 Northwestern Trail,578-413-8269,lattwater2@ameblo.jp,36
4,Lyn Penna,91 Lawn Road,484-337-1343,lpenna3@howstuffworks.com,85
5,Godfree Balcon,0435 Rigney Hill,317-449-1299,gbalcon4@linkedin.com,22
6,Kristyn Wardhaw,178 Pearson Alley,455-680-5323,kwardhaw5@deviantart.com,35
7,Ruthanne Lassey,6 Boyd Pass,873-602-7894,rlassey6@yelp.com,71
8,Marci Esgate,7508 Beilfuss Avenue,564-850-6817,mesgate7@sciencedirect.com,26
9,Vin Enderwick,7562 Hayes Way,907-659-4485,venderwick8@globo.com,66
10,Arlene Mountstephen,18894 Fairview Pass,566-364-7725,amountstephen9@chicagotribune.com,29
11,Nickolaus Lambarton,682 Kropf Park,443-804-5479,nlambartona@free.fr,78
12,Tasha Kunes,04660 Trailsway Pass,102-373-4134,tkunesb@reverbnation.com,58
13,Latisha Jaray,0 Mallard Junction,241-591-1188,ljarayc@weibo.com,47
14,Virginie Handes,5825 2nd Lane,358-983-8809,vhandesd@g.co,79
15,Monica Casserly,3202 Doe Crossing Plaza,438-527-2652,mcasserlye@huffingtonpost.com,36
16,Hermann Doodson,69 Tony Crossing,669-251-9877,hdoodsonf@wikispaces.com,71
17,Pepi Gillion,5 Cambridge Road,985-515-8789,pgilliong@epa.gov,76
18,Alisander Beaglehole,3593 Mccormick Street,859-601-5415,abeagleholeh@hubpages.com,45
19,Kass Gant,51146 Ramsey Point,520-111-9589,kganti@booking.com,84
20,Mildrid Waiton,5414 Lighthouse Bay Avenue,415-119-2045,mwaitonj@skyrock.com,89
21,Welch Stollen,896 Coleman Drive,628-159-9723,wstollenk@wikipedia.org,71
22,Hastie Aldersley,5287 Monica Center,657-136-8913,haldersleyl@ted.com,45
23,Isabella Wernham,4 Del Mar Court,990-243-1180,iwernhamm@zimbio.com,52
24,Rikki Brewis,99289 Ramsey Trail,547-972-9201,rbrewisn@nydailynews.com,34
25,Hyacinthie Locks,931 Sullivan Hill,367-415-8420,hlockso@privacy.gov.au,69
26,Penny Wedderburn,2814 Clove Parkway,507-811-0793,pwedderburnp@ucoz.com,84
27,Celisse Banger,2539 West Parkway,266-340-6803,cbangerq@prnewswire.com,36
28,Karlen Skoyles,9806 Esch Terrace,676-830-7974,kskoylesr@constantcontact.com,43
29,Win Blackborn,413 Hazelcrest Road,456-391-4920,wblackborns@devhub.com,67
30,Staford Du Hamel,76 Crescent Oaks Pass,369-239-9165,sdut@gnu.org,25
31,Sileas Greenard,6 Coolidge Avenue,782-990-4397,sgreenardu@cnet.com,27
32,Catarina Ferrelli,172 Golf Avenue,363-482-6838,cferrelliv@wiley.com,47
33,Annadiana Pardy,84 Petterle Crossing,777-150-9466,apardyw@nsw.gov.au,86
34,Windy Toor,1465 Graceland Hill,627-379-5869,wtoorx@ocn.ne.jp,39
35,Leticia Cookson,515 Ramsey Junction,363-867-2787,lcooksony@freewebs.com,86
36,Pancho Pierpoint,9242 Westridge Road,118-711-7624,ppierpointz@com.com,84
37,Hunter Keener,40 Anderson Road,568-811-3781,hkeener10@ustream.tv,53
38,Chet Tylor,779 Mockingbird Park,343-813-9098,ctylor11@wunderground.com,51
39,Shaylyn Assinder,20984 Surrey Street,303-978-8008,sassinder12@abc.net.au,66
40,Wilfred Eddowis,000 Heffernan Circle,649-150-7583,weddowis13@godaddy.com,58
41,Early Succamore,77161 Nova Way,333-192-5238,esuccamore14@ow.ly,58
42,Alejandrina Sorbie,7 Waubesa Crossing,646-599-5356,asorbie15@nationalgeographic.com,67
43,Berte Brandin,53011 Erie Pass,624-223-7827,bbrandin16@google.es,77
44,Shandy Gaynsford,57177 Nancy Drive,168-863-3322,sgaynsford17@paginegialle.it,37
45,Gaelan Bridgestock,643 2nd Junction,976-288-7239,gbridgestock18@ow.ly,36
46,Stacy Crowther,3 Ruskin Center,544-957-9526,scrowther19@mail.ru,46
47,Rem Piscotti,8991 Ohio Parkway,969-980-4781,rpiscotti1a@blogtalkradio.com,21
48,Sarge Mollett,49990 Sherman Court,876-622-5418,smollett1b@usda.gov,19
49,Tammi Christol,50319 Prairieview Center,613-767-9228,tchristol1c@squidoo.com,51
50,Geno Perrott,1382 Sullivan Circle,384-392-1942,gperrott1d@friendfeed.com,79
51,Wait Fahy,73720 Havey Pass,774-897-1439,wfahy1e@home.pl,49
52,Ethyl McVeagh,9 Basil Circle,350-822-4533,emcveagh1f@reddit.com,37
53,Mikkel Kocher,13991 Oakridge Hill,260-171-8132,mkocher1g@house.gov,38
54,Marjy Mayne,949 Corben Parkway,553-828-1746,mmayne1h@amazon.de,86
55,Tabbie Allwell,59 Utah Point,629-573-9192,tallwell1i@ucsd.edu,56
56,Jule Eakin,2 Alpine Street,413-303-5476,jeakin1j@bloomberg.com,69
57,Sawyer Crossgrove,1807 Pankratz Park,118-206-6437,scrossgrove1k@seesaa.net,64
58,Spenser Melbert,51 Bunting Parkway,408-720-7056,smelbert1l@csmonitor.com,48
59,Lyell New,9203 Kensington Trail,232-297-1397,lnew1m@uiuc.edu,57
60,Garrett Meadus,89535 Meadow Valley Hill,131-207-2956,gmeadus1n@ycombinator.com,49
61,Blondelle Bevans,5452 Eagle Crest Court,503-541-6818,bbevans1o@house.gov,68
62,Wendy Ivanin,128 Granby Trail,225-189-4221,wivanin1p@histats.com,83
63,Demott Dionisetto,18412 Thompson Plaza,146-688-3795,ddionisetto1q@bloglovin.com,73
64,Andriana Boyall,8 Melby Park,261-332-4987,aboyall1r@yandex.ru,74
65,Tamiko Sowte,49659 Russell Way,204-422-9495,tsowte1s@mail.ru,44
66,Ada Maylam,3 Dahle Circle,730-103-5082,amaylam1t@yale.edu,40
67,Aggie Muncaster,96 Hoard Center,824-962-9337,amuncaster1u@ed.gov,52
68,Ambrosius Stimson,963 Bellgrove Trail,832-518-5938,astimson1v@si.edu,44
69,Cesaro Chomiszewski,14 Maywood Place,354-202-0656,cchomiszewski1w@businessinsider.com,59
70,Gerianne Kilmurry,1480 Debs Junction,228-371-7717,gkilmurry1x@msn.com,36
71,Floris Fisher,492 Texas Center,330-292-9117,ffisher1y@godaddy.com,46
72,Brandice Littler,439 New Castle Street,312-749-1689,blittler1z@lulu.com,85
73,Jessee Yackiminie,20796 Sauthoff Parkway,820-750-5759,jyackiminie20@amazonaws.com,46
74,Belicia Lawrance,2745 Cherokee Street,354-911-8383,blawrance21@technorati.com,80
75,Jerry Flanagan,2731 Cottonwood Park,464-436-1731,jflanagan22@vk.com,43
76,Aubrey Bloxsum,8410 Moose Center,416-327-7871,abloxsum23@dell.com,44
77,Lester Phythian,3 Gerald Pass,669-197-7281,lphythian24@ucsd.edu,54
78,Rupert Dannehl,269 Mcbride Terrace,476-450-2366,rdannehl25@networksolutions.com,49
79,Dorthy Rounds,067 Scofield Circle,599-741-0692,drounds26@state.tx.us,32
80,Yoshiko Bodker,59 Judy Alley,928-489-7849,ybodker27@paypal.com,24
81,Banky Lettice,4149 Oak Valley Road,186-966-6636,blettice28@sogou.com,56
82,Dotti Alston,3536 Sommers Crossing,624-785-8680,dalston29@360.cn,32
83,Bank Pennetta,455 Kinsman Hill,205-252-8804,bpennetta2a@vimeo.com,80
84,Babbette Iwanowicz,40181 Welch Center,942-614-2692,biwanowicz2b@miitbeian.gov.cn,28
85,Rollie Sleaford,5 Red Cloud Place,677-897-9854,rsleaford2c@ning.com,34
86,Becca Guiet,9725 Artisan Point,302-244-1729,bguiet2d@webeden.co.uk,89
87,Rorie Tinkler,3 Westerfield Terrace,944-431-1992,rtinkler2e@ft.com,21
88,Courtnay Finby,905 Division Pass,396-945-6670,cfinby2f@wp.com,83
89,Maureene Kerton,0 Pennsylvania Crossing,487-388-0763,mkerton2g@is.gd,57
90,Gaynor Glentworth,21593 Brown Road,599-690-1615,gglentworth2h@timesonline.co.uk,83
91,Artemas Magog,368 Forest Place,741-359-4203,amagog2i@twitpic.com,56
92,Letisha Cardenas,6622 Express Way,947-311-9314,lcardenas2j@businessinsider.com,35
93,Mar Wescott,2 Leroy Drive,407-525-7533,mwescott2k@addthis.com,50
94,Denys Crumbie,832 Spenser Hill,112-512-3057,dcrumbie2l@addthis.com,87
95,Lorettalorna Radleigh,7 Sachs Circle,718-771-2358,lradleigh2m@dailymail.co.uk,44
96,Franchot Wrefford,98189 Mariners Cove Avenue,200-791-4961,fwrefford2n@goodreads.com,65
97,Blinnie O'Malley,35 Wayridge Avenue,618-899-8701,bomalley2o@desdev.cn,46
98,Jon Walpole,5323 Jana Crossing,123-483-4066,jwalpole2p@oakley.com,65
99,Caressa Pyatt,25 American Center,717-135-2445,cpyatt2q@wunderground.com,45
100,Josy Haith,7847 Lerdahl Trail,551-223-1230,jhaith2r@histats.com,89